{"accuracy/top1": 71.38600158691406, "accuracy/top5": 89.86600494384766}