{"accuracy/top1": 75.76200103759766, "accuracy/top5": 92.7540054321289}